File,Date,Month,Monday,Tuesday,Wednesday,Thursday,Friday,Saturday,Sunday
bu,1994-11-27,11,100,2984,4481,1460,819,0,328
bu,1994-12-04,12,499,304,774,299,523,561,246
bu,1994-12-11,12,398,1135,623,21,611,19,733
bu,1994-12-18,12,1099,1164,910,910,1459,369,823
bu,1994-12-25,12,1148,752,168,4308,613,9,22
bu,1995-01-01,1,207,454,772,48,559,197,602
bu,1995-01-08,1,1722,532,338,764,2498,378,1784
bu,1995-01-15,1,1750,318,1458,958,107,75,0
bu,1995-01-22,1,289,9015,5446,0,0,0,0
bu,1995-01-29,1,0,111,9676,11207,5006,4436,3507
bu,1995-02-05,2,12756,9928,14688,20240,18953,4602,3588
bu,1995-02-12,2,9556,12970,41548,26944,24801,10954,40533
bu,1995-02-19,2,46665,3214,66304,46755,11175,2816,4796
bu,1995-02-26,2,96,15450,9222,10638,5709,2619,3171
bu,1995-03-05,3,6464,7698,11165,12284,4333,479,1122
bu,1995-03-12,3,501,139,20,1033,9,444,412
bu,1995-03-19,3,9624,8733,11454,5820,4156,1567,1188
bu,1995-03-26,3,5376,8621,16847,8690,6025,8021,5572
bu,1995-04-02,4,10069,5624,5859,6882,6997,2003,3349
bu,1995-04-09,4,5539,10781,8918,10395,4852,10279,8589
bu,1995-04-16,4,11445,9489,15565,9250,6956,3096,1175
bu,1995-04-23,4,0,6867,30205,17992,19090,5583,8597
bu,1995-04-30,4,19284,42401,15334,10923,5223,4188,4026
bu,1995-05-07,5,7743,4354,11509,8791,3389,2315,1817
bu,1995-05-14,5,4314,5914,3656,2712,5444,1449,501
bu,1995-05-21,5,3782,5406,348,187,9,0,0
calgary,1994-11-27,11,1777,1753,1520,1675,1349,681,588
calgary,1994-12-04,12,1660,2237,2113,992,1324,712,591
calgary,1994-12-11,12,1790,1378,1524,1467,1413,489,603
calgary,1994-12-18,12,1708,1804,1265,1149,1071,1143,1102
calgary,1994-12-25,12,1840,1249,1118,908,457,123,387
calgary,1995-01-01,1,280,513,465,301,336,301,251
calgary,1995-01-08,1,491,1016,885,1104,587,346,450
calgary,1995-01-15,1,1345,1665,1346,1830,1680,481,760
calgary,1995-01-22,1,1958,1488,1670,2306,1958,624,788
calgary,1995-01-29,1,1566,2237,1923,2230,2005,1339,1268
calgary,1995-02-05,2,2825,3244,2722,2845,2531,2707,1930
calgary,1995-02-12,2,3589,5216,4409,5025,2972,1003,1938
calgary,1995-02-19,2,3212,3393,3531,2598,2133,1676,1158
calgary,1995-02-26,2,1555,1870,2786,2445,1824,1525,1267
calgary,1995-03-05,3,2057,2197,2153,2097,1649,1414,1623
calgary,1995-03-12,3,2892,3139,2682,2968,3373,1505,1616
calgary,1995-03-19,3,3964,4473,4293,3686,1968,1485,1345
calgary,1995-03-26,3,4787,6616,4169,4885,2046,2435,2160
calgary,1995-04-02,4,4519,5376,6353,4627,3463,1652,1446
calgary,1995-04-09,4,2915,3131,3486,3523,4016,2286,2501
calgary,1995-04-16,4,3396,3485,3867,2338,1188,1029,1180
calgary,1995-04-23,4,1507,1703,2306,2057,2229,1665,966
calgary,1995-04-30,4,1433,1545,2337,1941,2006,1055,822
calgary,1995-05-07,5,1511,2078,2426,2322,2402,3307,2300
calgary,1995-05-14,5,2268,3318,2836,2400,1654,900,1092
calgary,1995-05-21,5,1787,1729,1950,2274,2270,1114,2505
calgary,1994-10-30,10,705,1194,1680,1889,1817,898,902
calgary,1994-11-06,11,2083,1886,2106,2112,1775,568,582
calgary,1994-11-13,11,1564,1260,1376,1216,710,487,613
calgary,1994-11-20,11,1330,1207,2142,2266,1266,648,784
calgary,1995-05-28,5,2923,2669,2159,3330,2159,805,582
calgary,1995-06-04,6,1271,1642,1795,1944,1734,999,1117
calgary,1995-06-11,6,1734,2378,1715,2061,1670,1028,866
calgary,1995-06-18,6,1801,1832,2463,1841,1797,1339,991
calgary,1995-06-25,6,2815,2022,2555,2369,1988,984,1625
calgary,1995-07-02,7,2245,2197,2187,1819,1604,810,1221
calgary,1995-07-09,7,1740,2580,1955,1747,1285,829,758
calgary,1995-07-16,7,1743,2215,1830,1877,1818,1028,935
calgary,1995-07-23,7,2181,1740,1906,1853,2070,1290,1636
calgary,1995-07-30,7,2185,2916,2440,2468,2657,1291,1559
calgary,1995-08-06,8,2378,2479,3138,2666,2828,1714,1541
calgary,1995-08-13,8,1851,2796,2795,2657,1995,1178,1758
calgary,1995-08-20,8,2804,2115,2267,2175,2053,991,1374
calgary,1995-08-27,8,2219,2374,2774,2318,2260,1256,1242
calgary,1995-09-03,9,2207,1937,2297,2018,1191,1019,654
calgary,1995-09-10,9,1065,1171,1749,2382,3208,1602,1613
calgary,1995-09-17,9,3543,3287,4746,3963,3764,1883,2021
calgary,1995-09-24,9,3494,4079,4524,5471,3381,2897,2853
calgary,1995-10-01,10,4358,4894,4153,4004,3822,2304,2174
calgary,1995-10-08,10,4594,3818,3969,3718,3853,1548,2022
calgary,1995-10-15,10,2814,3708,2522,0,0,0,0
clarknet,1995-09-03,9,251327,267419,273441,259483,268706,171622,162884
clarknet,1995-09-10,9,210906,229939,276110,274660,280345,209525,192265
madrid,2018-05-06,5,0,241517,202892,176183,200926,262817,242551
madrid,2018-05-13,5,245528,260951,321037,156265,175506,238162,244772
madrid,2018-05-20,5,275985,229185,208430,177061,167152,240376,266909
madrid,2018-05-27,5,261840,242174,253201,168128,185195,260501,248449
madrid,2018-06-03,6,230845,234284,0,0,0,0,0
nasa,1995-07-02,7,0,0,0,0,0,64714,60265
nasa,1995-07-09,7,89584,70452,94575,100960,87233,38867,35272
nasa,1995-07-16,7,72860,80407,92536,134203,84103,45532,47854
nasa,1995-07-23,7,74981,64282,72738,66593,64629,35267,39199
nasa,1995-07-30,7,64259,62699,58849,61680,27121,0,0
nasa,1995-08-06,8,0,33996,0,41388,59557,31893,32420
nasa,1995-08-13,8,57362,60157,60458,61248,61246,38071,36480
nasa,1995-08-20,8,59878,58847,56653,58988,56246,32094,32963
nasa,1995-08-27,8,55540,57762,58097,52552,57321,31608,32823
nasa,1995-09-03,9,55496,67988,80641,90125,0,0,0
retailrocket,2015-05-03,5,0,0,0,0,0,0,13683
retailrocket,2015-05-10,5,19414,23015,23920,23164,19424,12695,12143
retailrocket,2015-05-17,5,16178,22374,23767,24156,22194,19313,20879
retailrocket,2015-05-24,5,27084,26799,22236,21676,21063,16408,17248
retailrocket,2015-05-31,5,23863,21997,21936,22022,19574,16030,16397
retailrocket,2015-06-07,6,22796,23336,23559,23629,20814,16160,16151
retailrocket,2015-06-14,6,20941,23682,24023,20915,15866,12270,14155
retailrocket,2015-06-21,6,22266,24667,23897,23324,20621,15568,15633
retailrocket,2015-06-28,6,23294,23616,21960,20271,19875,15477,17195
retailrocket,2015-07-05,7,22984,21448,20764,21413,20782,16092,15750
retailrocket,2015-07-12,7,22356,24385,25035,24997,23151,20794,21127
retailrocket,2015-07-19,7,26119,26872,24141,21632,20186,16489,16804
retailrocket,2015-07-26,7,25332,23613,22327,21601,22755,27106,32703
retailrocket,2015-08-02,8,28562,21980,23200,20974,18942,15459,15220
retailrocket,2015-08-09,8,21269,21235,20405,20330,19346,12857,13117
retailrocket,2015-08-16,8,18424,18206,20083,19159,16976,13423,14492
retailrocket,2015-08-23,8,20858,20751,20088,19215,17750,14248,14014
retailrocket,2015-08-30,8,18740,19681,18978,19566,19602,14965,16278
retailrocket,2015-09-06,9,18627,18178,17539,18041,17733,14365,14574
retailrocket,2015-09-13,9,19793,20815,21761,22548,21517,15496,16859
retailrocket,2015-09-20,9,20913,20427,11495,10128,1528,0,0
saskatchewan,1995-06-04,6,0,0,0,5589,7219,4025,3638
saskatchewan,1995-06-11,6,6978,8930,7919,8664,7501,4487,4477
saskatchewan,1995-06-18,6,7216,8503,9620,9227,7062,4726,4747
saskatchewan,1995-06-25,6,9369,10386,9095,9224,7853,5026,4664
saskatchewan,1995-07-02,7,8613,8343,8103,8414,7105,4621,4687
saskatchewan,1995-07-09,7,6832,6801,7814,8101,7323,4690,5002
saskatchewan,1995-07-16,7,9002,9779,9432,9197,7234,4990,4948
saskatchewan,1995-07-23,7,9352,8694,8697,8349,8865,5140,5614
saskatchewan,1995-07-30,7,8396,8536,8933,8954,8905,5439,5501
saskatchewan,1995-08-06,8,8924,8963,9931,9448,8813,5204,5206
saskatchewan,1995-08-13,8,7524,7179,10357,8878,9320,5284,5477
saskatchewan,1995-08-20,8,9719,10164,9309,9179,8284,5096,6055
saskatchewan,1995-08-27,8,9157,11161,11293,11846,10743,4993,6539
saskatchewan,1995-09-03,9,10684,12570,10986,11738,10916,6368,7439
saskatchewan,1995-09-10,9,8361,12096,13120,14084,12579,8152,7468
saskatchewan,1995-09-17,9,13106,14250,14106,15581,13421,8896,9388
saskatchewan,1995-09-24,9,14520,14737,13857,16123,11050,8195,8275
saskatchewan,1995-10-01,10,14573,14655,15189,14305,13612,8970,8992
saskatchewan,1995-10-08,10,14773,14982,18075,18685,16556,9644,10189
saskatchewan,1995-10-15,10,14750,17750,13614,16779,17187,10438,11118
saskatchewan,1995-10-22,10,15074,16965,17535,16788,17221,11685,11855
saskatchewan,1995-10-29,10,18113,19204,19001,18305,16748,6964,10715
saskatchewan,1995-11-05,11,16259,15723,17021,17523,17430,10267,10393
saskatchewan,1995-11-12,11,17446,21166,18179,19906,13776,9793,10561
saskatchewan,1995-11-19,11,17036,18028,18070,18113,16905,10451,10080
saskatchewan,1995-11-26,11,17964,17509,17716,14811,14910,9710,10031
saskatchewan,1995-12-03,12,16745,17111,19115,18155,16174,10727,10416
saskatchewan,1995-12-10,12,18065,17098,17048,17980,16270,10930,10614
saskatchewan,1995-12-17,12,16689,17717,15814,14829,16088,8556,8299
saskatchewan,1995-12-24,12,13519,15647,19048,15801,14657,7821,7301
saskatchewan,1995-12-31,12,6909,9270,11671,11811,11813,9727,8739
wc,1998-05-03,5,0,0,0,324,1193354,755705,759722
wc,1998-05-10,5,1262614,1522110,1687819,1706620,1649818,1015840,856236
wc,1998-05-17,5,1710898,2391368,1729378,1908579,2084019,1749870,1483189
wc,1998-05-24,5,1546190,2849876,3041737,2372784,3279721,2342249,2225480
wc,1998-05-31,5,3484272,4139170,4146068,4482596,4757741,3354867,3307319
wc,1998-06-07,6,5586183,7188031,7894570,8297253,8093052,5452693,5734307
wc,1998-06-14,6,14527872,20068724,50395115,52406259,48956639,23528964,21093520
wc,1998-06-21,6,58013837,40732116,37911145,35898967,33695773,17390951,17224133
wc,1998-06-28,6,36698571,48340837,48667856,50539695,68819070,21414475,19117729
wc,1998-07-05,7,62228643,73291779,28356370,17499483,44502981,17885060,12821627
wc,1998-07-12,7,10291836,39874187,38979926,17510126,11413461,9111100,13583331
wc,1998-07-19,7,22262551,8945383,6326022,4849704,3898338,2487875,1905126
wc,1998-07-26,7,2673514,2541748,2263168,2103547,1880804,1308356,1053032
wikipedia,2018-05-06,5,525373027,529329579,526680455,527825296,498362831,477161812,515000607
wikipedia,2018-05-13,5,546824147,538152951,521061709,528724259,500816508,484844306,533717540
wikipedia,2018-05-20,5,560707348,546400925,546742674,533782578,506420944,526583105,558513409
wikipedia,2018-05-27,5,575126224,558241912,550724509,526819512,493874255,481199846,528947783
wikipedia,2018-06-03,6,550402945,549540027,527626489,517436245,492841249,478642863,527025837
wikipedia,2018-01-07,1,497820931,541627983,545926636,533132368,524058967,538771937,570677895
wikipedia,2018-01-14,1,578293041,558689335,549687563,551364418,526418568,521410651,581210340
wikipedia,2018-01-21,1,592450303,567804642,567099047,569723385,527394171,513516459,561263798
wikipedia,2018-01-28,1,583498139,563752357,556095084,545349615,522352914,509409060,567214924
wikipedia,2018-02-04,2,578870649,553211630,545818851,534308844,514059984,505682603,558426516
wikipedia,2018-02-11,2,574299376,557576639,549721478,542741265,517281776,505163587,555674499
wikipedia,2018-02-18,2,569038408,549549740,532182454,528760039,514533888,505671129,557209393
wikipedia,2018-02-25,2,576397424,563569238,557552225,544889363,521165695,505944864,574738356
wikipedia,2018-03-04,3,583049740,560447104,545754638,535018831,513219062,508265804,558901318
wikipedia,2018-03-11,3,588369527,556535723,544329450,535884513,514243521,497381549,554009000
wikipedia,2018-03-18,3,571461643,557056769,575789034,546565858,518414640,503949259,552475997
wikipedia,2018-03-25,3,561928380,550488882,551266345,539190838,508783390,485425222,527482272
wikipedia,2018-04-01,4,543215279,530455274,516892486,501568408,499286201,491031738,520814263
wikipedia,2018-04-08,4,551537084,542746761,533809345,523034495,504613769,490639491,537293362
wikipedia,2018-04-15,4,556747018,542728915,541718793,533980521,503930326,487812534,549455483
wikipedia,2018-04-22,4,563499015,545743203,533951751,514772673,497647580,478975327,528629629
wikipedia,2018-04-29,4,552031845,549558323,547517767,524197575,493900736,464982409,504362373
wikipedia,2018-06-10,6,543285180,537538893,532071419,527471267,509291614,483392286,524578203
wikipedia,2018-06-17,6,545713140,530116302,523814471,521511272,488021849,472492189,514485449
wikipedia,2018-06-24,6,529671358,526432149,508935531,500018155,485043251,477233693,509196082
wikipedia,2018-07-01,7,516731736,502196828,497611714,491442712,464529084,469444798,505787485
wikipedia,2018-07-08,7,520705274,526462446,544983168,509207150,497264554,485993205,506440260
wikipedia,2018-07-15,7,515328903,521847624,523117135,512484258,485922072,477703040,539704297
wikipedia,2018-07-22,7,538277161,510369817,500573642,493567848,475317124,462540459,506155118
wikipedia,2018-07-29,7,516671380,500508108,498924568,492361725,475420314,467391955,506384418
wikipedia,2018-08-05,8,520314104,503865831,498486001,491115212,476345397,460427655,494298393
wikipedia,2018-08-12,8,510501793,508095645,500923600,496166251,475827108,455199085,493333836
wikipedia,2018-08-19,8,513774692,502683243,507180066,507789481,492329310,468972300,507346868
wikipedia,2018-08-26,8,527878435,513915314,513338088,503591136,494936558,472533509,516356669
wikipedia,2018-09-02,9,534414802,521702407,522786792,512412543,490159613,467515876,502453142
wikipedia,2018-09-09,9,522201303,530569914,514286202,517060780,501537414,481935737,524123774
wikipedia,2018-09-16,9,537784915,531794528,519210136,514103476,489155405,477815371,522327034
wikipedia,2018-09-23,9,546308995,537141097,522126510,519954409,498055913,476121565,522027913
wikipedia,2018-09-30,9,544754093,533596050,525374700,508619871,483750914,468545131,522121453
wikipedia,2018-10-07,10,534546186,534541674,531847061,520417713,501781194,490086226,537571940
wikipedia,2018-10-14,10,557707717,546951346,529112228,521114723,501494476,481146352,528382028
wikipedia,2018-10-21,10,551113656,548584366,536413960,524607542,497134546,480407793,528297215
wikipedia,2018-10-28,10,553732313,545534928,544493722,528648837,494978225,474302846,524256378
wikipedia,2018-11-04,11,550183268,534764466,512963800,515228303,504547029,489431070,540434327
wikipedia,2018-11-11,11,557383922,548703248,546668284,531936839,511370330,500916305,559300847
wikipedia,2018-11-18,11,580732322,573568885,589870487,577254196,552353443,498032835,549265138
wikipedia,2018-11-25,11,556897842,546837529,533285771,524526502,503138232,496830964,545172129
wikipedia,2018-12-02,12,564210766,553300095,548488793,538302100,500122756,491041083,542007810
wikipedia,2018-12-09,12,563511842,549117498,553242989,542477853,512949002,497246607,551953188
wikipedia,2018-12-16,12,555600490,538315221,524716961,518092171,489969836,466881613,518125691
wikipedia,2018-12-23,12,533199095,511784875,499967407,476371738,453471787,447140883,473152781
wikipedia,2018-12-30,12,476201652,478385901,502305081,501588113,492434202,494829188,519072106
wikipedia,2019-01-06,1,492710930,518681035,551568070,545608232,532874418,533631533,572883588
wikipedia,2019-01-13,1,576843229,561525940,550806805,543645396,536624454,535058274,577975096
wikipedia,2019-01-20,1,581457526,563298815,562916251,560958248,540055089,521436244,578815287
wikipedia,2019-01-27,1,583123125,569483348,567896203,559118586,532506530,526818551,578951987
wikipedia,2019-02-03,2,579906508,561196743,556216537,546920254,530150212,519208212,569972380
wikipedia,2019-02-10,2,579292423,552130416,547073965,539740089,533830377,516732164,574049865
wikipedia,2019-02-17,2,588653494,566776844,552968200,527833918,512218530,507061914,553585314
wikipedia,2019-02-24,2,567266503,568693612,552963012,539591646,522394091,504453111,548216945
wikipedia,2019-03-03,3,595790077,559338454,546843078,536801336,514683069,504807928,556807126
wikipedia,2019-03-10,3,572323693,558775523,548244763,532674566,505244812,508560799,559554872
wikipedia,2019-03-17,3,563132052,554418146,547415410,541552988,513632538,501165364,552517608
wikipedia,2019-03-24,3,565317983,554348354,544936792,536087006,518490884,506901027,550098660
wikipedia,2019-03-31,3,565716130,551878789,546454729,534600464,505504765,485758505,534230149
wikipedia,2019-04-07,4,551354129,534485922,539957993,539070553,516358976,493626008,537857546
wikipedia,2019-04-14,4,566094854,555428963,542999897,539110155,515578660,493256426,546366738
wikipedia,2019-04-21,4,555271190,548547121,527843429,503844129,495323836,486585900,525346401
wikipedia,2019-04-28,4,554084871,550889382,545175267,539359461,526812334,508983563,547688767
wikipedia,2019-05-05,5,554533430,539821366,547932719,542871790,557376307,513770461,562366526
wikipedia,2019-05-12,5,571711526,549067632,562622970,540485968,515726850,502142621,542799939
wikipedia,2019-05-19,5,557904854,554488429,532648011,533733127,512288556,499590100,548159875
wikipedia,2019-05-26,5,561288897,562541297,552641686,545750448,507552309,483351985,534008727
wikipedia,2019-06-02,6,555215097,551393270,531668260,523404140,492402951,471756595,514305444
wikipedia,2019-06-09,6,530199319,519322611,517593394,514212537,502174866,481824196,528176706
wikipedia,2019-06-16,6,547042542,527787323,520111036,516988436,494989335,479575434,519008566
wikipedia,2019-06-23,6,531345438,521220570,507106827,502669505,488753585,468283508,510460131
wikipedia,2019-06-30,6,522269996,506804757,491291058,476525350,467172963,452285395,494229499
wikipedia,2019-07-07,7,504619347,500434841,502560293,493433511,477583877,481032463,537880463
wikipedia,2019-07-14,7,533723579,521266970,509884737,503910799,492222529,483580276,524843970
wikipedia,2019-07-21,7,521375299,510103799,505821241,505743858,496851852,484790157,530371803
wikipedia,2019-07-28,7,529113009,512619611,512394399,502027227,476597919,487663011,522942067
wikipedia,2019-08-04,8,515320157,516962702,504163107,498153743,480686738,468403229,501437089
wikipedia,2019-08-11,8,512946582,508403649,508219868,501838404,485558169,479964407,505771390
wikipedia,2019-08-18,8,522718403,515744444,502078676,506368624,492911975,487721602,528749942
wikipedia,2019-08-25,8,528957166,525513309,523655927,518123609,496845606,479978056,521283498
wikipedia,2019-09-01,9,533168467,534139913,527914224,525067744,501337355,490034280,525722080
wikipedia,2019-09-08,9,534867206,546349676,521752419,517852577,465659247,478156711,539562689
wikipedia,2019-09-15,9,540154556,529817409,534238133,521409235,500804111,481994807,527478681
wikipedia,2019-09-22,9,545789390,537713515,544255379,530233038,504688207,489764940,552781155
wikipedia,2019-09-29,9,569712892,556648967,553149580,542577680,513665085,506149827,557374664
wikipedia,2019-10-06,10,562774256,549994239,549634111,543588661,522799501,512294185,556489788
wikipedia,2019-10-13,10,564965291,562759414,558625601,549891361,529884622,521631468,560104188
wikipedia,2019-10-20,10,578176975,568874932,562406562,552065417,530010185,516007295,562156389
wikipedia,2019-10-27,10,586668075,593633914,576680156,562428266,519185122,500344477,541169240
wikipedia,2019-11-03,11,563780950,545449610,540118404,533514512,528863538,524802388,564406877
wikipedia,2019-11-10,11,572620122,561516733,554223432,547819289,522959920,515757384,553408720
wikipedia,2019-11-17,11,584821517,612250457,605588765,568425602,513601119,494861004,551864046
wikipedia,2019-11-24,11,558207062,556870843,547386048,539262055,523026674,517737522,582575790
wikipedia,2019-12-01,12,587410274,547838144,540657149,530103007,507946278,498624581,545826886
wikipedia,2019-12-08,12,545465411,536653861,536283352,521004324,500735959,491841669,546323698
wikipedia,2019-12-15,12,559110752,540438563,545013696,519516082,497473808,481123531,524605715
wikipedia,2019-12-22,12,526454934,544568864,540694968,497576796,458018006,452302925,489820645
wikipedia,2019-12-29,12,479386670,460061362,476194144,504572177,495734547,495277190,515432762
wikipedia,2020-01-05,1,519983559,472194418,499691408,541705663,542346409,539341360,588981540
wikipedia,2020-01-12,1,584516126,568655740,558480196,551544261,535366093,536577750,581545394
wikipedia,2020-01-19,1,577758682,568779673,556698983,556364507,532162731,527626350,581223700
wikipedia,2020-01-26,1,588611630,570829910,565260660,559421158,535974259,527125304,574284426
wikipedia,2020-02-02,2,606007538,575505418,560423036,555290166,520181069,507500910,559339387
wikipedia,2020-02-09,2,571950678,555558511,558690576,552295703,523622390,528671396,574533315
wikipedia,2020-02-16,2,603575197,570480169,556227642,547118758,515208907,519439114,575842081
wikipedia,2020-02-23,2,574154579,568051267,558382109,543510464,516657126,506381370,553559061
wikipedia,2020-03-01,3,563251409,552870121,549840882,545231649,518762494,517391820,563043178
wikipedia,2020-03-08,3,555315285,548520791,547550970,536827183,516968784,501242028,545052847
wikipedia,2020-03-15,3,552821554,548826478,541513508,519180044,492100660,498138261,534235574
wikipedia,2020-03-22,3,517976586,523836565,535606838,541348952,551526114,568301977,609728792
wikipedia,2020-03-29,3,598528819,602542354,605479975,609718092,609750792,615526626,666310875
wikipedia,2020-04-05,4,654445162,642809831,637762266,650228663,647463433,648151677,673248620
wikipedia,2020-04-12,4,662591108,646848507,646133191,654428244,668198367,656139646,685006873
wikipedia,2020-04-19,4,702750144,669032600,652718711,648919401,647345609,659940395,688778949
wikipedia,2020-04-26,4,686783820,678696493,665064680,662285543,650584755,655628129,698933472
wikipedia,2020-05-03,5,697989997,682792816,673209669,627064917,618528299,613647509,646272428
wikipedia,2020-05-10,5,639498287,634447871,633519112,608304473,596412549,597927954,625133028
wikipedia,2020-05-17,5,623194303,618810964,610615397,604737545,592232433,579087978,609259174
wikipedia,2020-05-24,5,615219451,596539342,577147819,573433480,563795300,557829433,582525582
wikipedia,2020-05-31,5,587697957,574308872,557448213,549915127,531508504,523530281,562595948
wikipedia,2020-06-07,6,547532169,535381465,535320357,543246360,534297268,523389464,557039526
wikipedia,2020-06-14,6,551662304,539183306,531208673,526405362,505755191,499052287,544051829
wikipedia,2020-06-21,6,526846346,512590643,505172970,508951784,500856950,486086029,511672573
wikipedia,2020-06-28,6,508720751,490802611,482259863,477583967,471365592,475236243,516929790
wikipedia,2020-07-05,7,497593430,482850597,473345978,475666341,477984186,487832064,510242416
wikipedia,2020-07-12,7,510571743,491960723,485663614,480438938,474901822,481281609,506170745
wikipedia,2020-07-19,7,507299999,499932133,484718912,486580347,493160170,507218349,525027138
wikipedia,2020-07-26,7,525012610,512516522,492507035,496221335,488012915,486222281,522016868
wikipedia,2020-08-02,8,505468150,488109164,482656116,471920195,453630446,461196692,501975529
wikipedia,2020-08-09,8,489511273,486561740,486283027,475524600,463285926,463069275,500174869
wikipedia,2020-08-16,8,505029584,486748489,496691948,492536936,486592055,485957317,516745698
wikipedia,2020-08-23,8,504806841,496338692,496074532,485834477,488244953,483816226,528767025
wikipedia,2020-08-30,8,513381317,503206862,498398070,496278967,493660503,508834766,520218440
wikipedia,2020-09-06,9,509372556,489229713,494820847,493299076,476288924,473755698,512013396
wikipedia,2020-09-13,9,519965811,512001018,502977827,502579393,493208933,489491487,519361316
wikipedia,2020-09-20,9,535398978,523947736,515975633,512284906,494762547,487341335,517217171
wikipedia,2020-09-27,9,532703252,523644960,516989483,511532885,498283943,489640450,536142723
wikipedia,2020-10-04,10,531142001,523121556,525441943,508413329,500292361,494189898,531151192
wikipedia,2020-10-11,10,538132022,538848879,559176689,550561357,529595396,513746850,548596601
wikipedia,2020-10-18,10,569658465,549734258,544371674,541006212,519877035,517491318,548495459
wikipedia,2020-10-25,10,560261389,552092904,547823071,538517630,521078250,517399501,554932613
wikipedia,2020-11-01,11,565391818,558981597,548278059,538618580,524093969,520183284,553497271
wikipedia,2020-11-08,11,561877369,564378376,597774810,573144225,558455674,565103499,615235438
wikipedia,2020-11-15,11,589349908,578674594,575151303,564384393,541744160,530417927,590929465
wikipedia,2020-11-22,11,592668906,580519860,573399632,574232673,554319177,548225753,586745604
wikipedia,2020-11-29,11,588646062,572086793,571603743,560110551,537898613,536234676,577484586
wikipedia,2020-12-06,12,572670201,549897833,549189088,545627496,520516929,517353894,560733346
wikipedia,2020-12-13,12,566369571,557309347,545091219,541926701,527972239,519764464,559689602
wikipedia,2020-12-20,12,561025634,534073252,526325076,517073662,498795568,492985594,530161644
wikipedia,2020-12-27,12,517779677,501132289,485072668,467998285,490496321,528327309,561505979
wikipedia,2021-01-03,1,544748377,532658835,516618156,489792754,531489302,574059261,598679073
wikipedia,2021-01-10,1,565608107,552452405,555980638,542048472,543810310,557808459,594860363
wikipedia,2021-01-17,1,586363618,569623236,565785532,563733675,548181945,546560652,584166545
wikipedia,2021-01-24,1,579171845,565100731,585278300,571300195,556974557,560980100,604504788
wikipedia,2021-01-31,1,589732655,572339172,575483263,557607659,538957914,545242408,582755297
wikipedia,2021-02-07,2,582046015,564538746,558715038,552187351,543014009,554065453,595001086
wikipedia,2021-02-14,2,589902025,557993603,550008892,555422934,536768982,537398989,610564999
wikipedia,2021-02-21,2,675338736,626718417,621866339,588549549,570531853,557975661,589047716
wikipedia,2021-02-28,2,594139632,581687925,584155079,571792066,571105514,566481463,605918455
wikipedia,2021-03-07,3,611658175,597413564,576892561,577700040,567463630,560261679,603680895
wikipedia,2021-03-14,3,598208645,589913674,582247519,579409333,563101032,560496473,604105978
wikipedia,2021-03-21,3,607357497,586901743,590010603,579664936,553248077,542929929,587772588
wikipedia,2021-03-28,3,580720572,566920530,571444818,565960817,544307184,539176895,584229113
wikipedia,2021-04-04,4,576388152,541507696,527399382,513620241,531098451,533526852,573145630
wikipedia,2021-04-11,4,592638998,566288509,558774054,552384154,573827675,561325755,593111097
wikipedia,2021-04-18,4,583067778,563357980,556916650,548620256,543394804,555608713,583013836
wikipedia,2021-04-25,4,574342576,558806194,552618604,551273156,536016940,528833305,579908854
wikipedia,2021-05-02,5,588758987,553575906,545401695,545112766,525335436,522524643,562290235
wikipedia,2021-05-09,5,567538282,559362457,556960957,540974168,525296351,519687745,543452222
wikipedia,2021-05-16,5,550917893,550280709,544076535,544923419,529078660,530162180,574675149
wikipedia,2021-05-23,5,573315005,562363730,552162216,543972317,525813674,528030502,567632999
wikipedia,2021-05-30,5,576713252,549688248,541191961,533718067,515055038,516373092,547788395
wikipedia,2021-06-06,6,546199914,528371042,524470856,522310058,513975418,498442268,542609669
wikipedia,2021-06-13,6,539526103,516747555,509913626,502760363,495280592,490447839,527224442
wikipedia,2021-06-20,6,527674163,507743286,497849858,495630353,483111112,482791817,507702672
wikipedia,2021-06-27,6,506131611,492602149,488143870,480180630,469111431,467589651,505019630
wikipedia,2021-07-04,7,502430507,499631071,487557727,499054307,489907859,492288923,520914674
wikipedia,2021-07-11,7,518248390,526131938,524563698,496960409,485647635,484039452,537297551
wikipedia,2021-07-18,7,515303228,505872296,503269311,483139629,477495225,474647653,504671676
wikipedia,2021-07-25,7,499092836,489803195,485462927,495342063,499150741,488266974,522546908
wikipedia,2021-08-01,8,517144110,510004140,504327199,498508361,495657269,488707061,527570389
wikipedia,2021-08-08,8,513015696,502875907,499157259,496621012,492566184,504202849,537252920
wikipedia,2021-08-15,8,514209560,496713116,492486938,489509312,489868573,485793309,526039371
wikipedia,2021-08-22,8,529631408,518133272,511476710,531322507,521319116,508158525,523162783
wikipedia,2021-08-29,8,513733408,509972361,500029954,496179458,493963941,489397247,523124071
wikipedia,2021-09-05,9,516726247,502199432,485603615,489157630,480467710,481563352,509717688
wikipedia,2021-09-12,9,519852465,511555222,506766844,504282253,493258120,498299421,531387961
wikipedia,2021-09-19,9,519465251,511129700,505687906,500779825,488651044,480688888,520926399
wikipedia,2021-09-26,9,526266475,513706887,507738019,500542761,484858243,481204698,521782069
wikipedia,2021-10-03,10,526542202,512660524,508569935,497507869,480055812,478548518,519074664
wikipedia,2021-10-10,10,524808884,508829671,507310786,499408162,482863123,479892675,518512776
wikipedia,2021-10-17,10,517982969,511442089,501551749,494057005,478967996,477008674,518160453
wikipedia,2021-10-24,10,516499912,506965832,502873476,497077899,490929920,478458670,512584371
wikipedia,2021-10-31,10,525535882,527780715,517837798,511953872,500853775,489200687,523687133
wikipedia,2021-11-07,11,522250990,517010439,505691688,491260137,478741404,477084411,530881083
wikipedia,2021-11-14,11,524400002,514792394,501987785,503887492,489609007,484471417,525061251
wikipedia,2021-11-21,11,519326968,507934274,507532450,504063644,478768817,470635525,516500638
wikipedia,2021-11-28,11,513256599,506543933,492037296,480290101,464082457,476955879,514535935
wikipedia,2021-12-05,12,506893334,501233708,486090916,483740208,470046143,468017790,512425403
wikipedia,2021-12-12,12,511190547,497232343,504308922,494197934,475824450,470827179,515983467
wikipedia,2021-12-19,12,511043939,491489734,480670012,470008091,448345830,449556383,490638211
wikipedia,2021-12-26,12,478117645,461720432,452788828,440752221,431164834,462204768,502864734
wikipedia,2022-01-02,1,497774313,492613689,489538038,482086283,463883931,514454039,554680176
wikipedia,2022-01-09,1,533566096,522501932,512915481,514368213,514031256,530657169,567330099
wikipedia,2022-01-16,1,546833915,530352642,514878133,509786713,500079314,510724194,554428017
wikipedia,2022-01-23,1,535018873,526981670,517670189,511159408,504137065,509194407,551246038
wikipedia,2022-01-30,1,534530971,518815954,523471686,532252361,518342909,527817267,568518911
wikipedia,2022-02-06,2,549063960,529786683,529056370,530511569,521830924,519881123,571328998
wikipedia,2022-02-13,2,548537628,535183138,522551208,521699903,512550122,509114016,556961038
wikipedia,2022-02-20,2,544168551,525702531,521958560,516874753,513756799,514000038,555104089
wikipedia,2022-02-27,2,545632067,543997972,543159497,575901745,565688098,551789056,585038696
wikipedia,2022-03-06,3,568655052,542734055,544410528,533110562,520727955,510364089,543343583
wikipedia,2022-03-13,3,534294434,516829710,514368190,512127334,499259137,499545099,539435495
wikipedia,2022-03-20,3,537530112,518610852,512228819,502060954,485448271,488241164,530179907
wikipedia,2022-03-27,3,525739923,511197537,505110846,506805974,490355243,491828349,525301500
wikipedia,2022-04-03,4,539646346,512929886,511704393,502357171,480233460,480659707,529440482
wikipedia,2022-04-10,4,524811038,515550145,502323850,498648875,482619907,478907355,517032790
wikipedia,2022-04-17,4,509109337,494938672,481155700,484707926,490535892,481067063,515162958
wikipedia,2022-04-24,4,522603268,513939693,500570052,494379143,484783922,477930449,522056684
wikipedia,2022-05-01,5,522213284,510309711,495687319,484725079,466477187,450284597,487484426
wikipedia,2022-05-08,5,485692543,485270033,483636828,485477288,474965523,460633591,490965520
wikipedia,2022-05-15,5,495153144,485961056,482432998,472878062,466046861,458424317,493777074
wikipedia,2022-05-22,5,498316665,483121783,477682568,471356884,458149270,449329474,489453250
wikipedia,2022-05-29,5,496592837,484849477,480923432,483768760,464610931,466364587,505022226
wikipedia,2022-06-05,6,503512317,486142375,470204137,476365844,470524312,469746039,517946621
wikipedia,2022-06-12,6,518249735,484223639,475689861,467717036,453849853,444114047,488321254
wikipedia,2022-06-19,6,484604209,467315051,454681202,450836938,445786493,442823962,475219636
wikipedia,2022-06-26,6,475557289,466661605,458028605,450240560,443933464,440067206,471926060
wikipedia,2022-07-03,7,467881683,453501955,445498726,438308151,429934792,428978678,461815441
wikipedia,2022-07-10,7,463262861,451764392,450406849,458145710,459943619,442026550,472796361
wikipedia,2022-07-17,7,466656296,452564847,448581939,454657165,450340550,449484001,479121795
wikipedia,2022-07-24,7,476727436,457259218,452968443,461648230,453543878,455045055,487893810
wikipedia,2022-07-31,7,481303384,474698842,464392980,457925691,447059813,451066051,490875040
wikipedia,2022-08-07,8,475804447,471632920,462973807,461321353,475433936,463300982,496439711
wikipedia,2022-08-14,8,492774653,483948438,470998167,464434045,469790663,473007936,498154987
wikipedia,2022-08-21,8,499466027,485577138,482119917,476523422,473994826,466875361,501492894
wikipedia,2022-08-28,8,490678006,482570799,478114388,476225674,471268891,470043369,503028808
wikipedia,2022-09-04,9,491751573,483071182,478592976,466280151,467401124,476874883,506465906
wikipedia,2022-09-11,9,512259932,503743268,494254534,561896843,568297782,528183316,567759984
wikipedia,2022-09-18,9,541950121,529784938,522975062,509745721,495377628,492511565,536067068
wikipedia,2022-09-25,9,570960647,524838253,508140174,503011746,492860223,496778643,538686515
wikipedia,2022-10-02,10,528286281,519527504,503560342,517279491,481524448,481650555,526495213
wikipedia,2022-10-09,10,519110498,507285920,512417982,500993937,490699151,482238524,525528500
wikipedia,2022-10-16,10,525624155,519537864,507956577,534490628,498195134,493423607,534680766
wikipedia,2022-10-23,10,531316270,521260619,513987220,513897267,511415505,510615088,550126427
wikipedia,2022-10-30,10,549792414,543971201,528187593,514071588,507198697,499575988,545912155
wikipedia,2022-11-06,11,539398671,537848172,526591732,520233593,515435425,512584415,561628629
wikipedia,2022-11-13,11,546068511,537757711,543541570,530693563,525998009,520192843,571331223
wikipedia,2022-11-20,11,550903684,533459924,535425566,524870477,508201464,512068911,575388468
wikipedia,2022-11-27,11,567568421,549565886,545932194,541969319,519298680,540918746,585315174
wikipedia,2022-12-04,12,562128344,550942458,541503235,533705695,487323300,495893999,527719173
wikipedia,2022-12-11,12,511148207,513898078,497485621,496146682,490662003,506933548,535677232
wikipedia,2022-12-18,12,512964780,516916216,505411580,484055003,468254820,469457709,541154266
wikipedia,2022-12-25,12,516727565,494956967,469000555,456672211,449309262,448133536,478032376
wikipedia,2023-01-01,1,499696188,498157464,494114459,495808014,498475572,489887007,514310529
wikipedia,2023-01-08,1,541531528,533766174,523435383,518171062,516287045,527556263,556133657
wikipedia,2023-01-15,1,543109183,525819288,536143455,522198103,530385788,531403248,581267867
wikipedia,2023-01-22,1,567232837,549535755,536555720,530526390,515454141,518205463,566924032
wikipedia,2023-01-29,1,549168310,535492544,535120596,531503804,518461377,522813089,570349818
wikipedia,2023-02-05,2,551865094,530446733,520656127,514686416,506447542,513301315,556229876
wikipedia,2023-02-12,2,553987429,538486483,526767765,521182655,516794589,518649895,559715760
wikipedia,2023-02-19,2,555557922,521781704,523218448,525720651,512591418,518900950,559466877
wikipedia,2023-02-26,2,541147107,528953613,520554815,525130298,511440876,519390779,561722617
wikipedia,2023-03-05,3,545748491,528909903,511601048,509723529,505559524,511750595,561118453
wikipedia,2023-03-12,3,540343188,522759479,527420516,528140160,518839709,520454613,568383169
wikipedia,2023-03-19,3,585299638,553415930,539491116,527534461,512631992,522105202,558545491
wikipedia,2023-03-26,3,546434040,534651683,527319404,521374403,515550294,521492142,564705633
wikipedia,2023-04-02,4,543154383,527959202,521422740,514577530,498524192,501220832,541518801
wikipedia,2023-04-09,4,523392507,502819230,471295944,471800032,485099146,476780789,511164998
wikipedia,2023-04-16,4,524114700,494144585,493005375,486824052,475920678,477728399,517358482
wikipedia,2023-04-23,4,501524264,484618856,496358168,512524294,495610345,490025220,541967577
wikipedia,2023-04-30,4,541953130,532658316,520441485,513897496,494797233,497539718,539114675
wikipedia,2023-05-07,5,544278254,525528468,517190998,508486697,507132271,530404508,566068602
wikipedia,2023-05-14,5,553489913,535505467,532226621,525918163,507403031,513944883,549855224
wikipedia,2023-05-21,5,543512129,533492524,529943777,539598362,527488025,528562874,556310734
wikipedia,2023-05-28,5,537661105,528613032,521676856,510408368,488301467,486557081,527515531
wikipedia,2023-06-04,6,538919179,526037262,515003894,513060037,498704600,515002797,555235912
wikipedia,2023-06-11,6,534196768,520142316,513615559,502072081,510510253,509539858,534892446
wikipedia,2023-06-18,6,539032252,528003124,514946825,506712501,491568045,488911044,532598339
wikipedia,2023-06-25,6,528347644,512429203,531910949,508467870,515750010,546152259,536210444
wikipedia,2023-07-02,7,509738020,513207312,520799620,490546042,475626908,490570400,510727038
wikipedia,2023-07-09,7,513043556,499603032,498078754,482064016,473248727,480898310,518100307
wikipedia,2023-07-16,7,521244638,532375002,518108541,494259570,495082265,483616577,535691096
wikipedia,2023-07-23,7,514127659,493895598,488877452,493206347,504530401,508382683,537090014
wikipedia,2023-07-30,7,538900982,541382094,535434868,522721578,509268038,522597211,531996256
wikipedia,2023-08-06,8,518101444,544939239,497556317,496686238,506237103,489829518,531000601
wikipedia,2023-08-13,8,513802979,506144223,501725108,496962982,488483656,500016449,528817299
wikipedia,2023-08-20,8,514973139,540146202,533397777,514646048,509288408,494173158,533795621
wikipedia,2023-08-27,8,531083031,551935545,546369384,530709678,507414934,500084848,530594467
wikipedia,2023-09-03,9,520094191,513219309,278563361,0,0,0,0
youtube,2007-05-27,5,0,1206,13392,10258,7511,0,0
youtube,2007-06-10,6,0,0,17312,0,0,0,0
youtube,2007-06-17,6,0,0,0,0,0,0,869
youtube,2007-06-24,6,7245,6590,6894,6908,5867,4062,563
youtube,2007-09-16,9,0,0,0,0,6681,74999,20143
youtube,2007-09-23,9,21624,21546,22234,23573,10589,0,0
youtube,2008-02-03,2,0,20758,39906,43508,44499,41086,40026
youtube,2008-02-10,2,47622,43732,185627,46754,45228,39226,43802
youtube,2008-02-17,2,48414,21000,0,0,0,0,0
youtube,2008-03-16,3,0,35456,244559,56771,36555,16371,13513
youtube,2008-03-23,3,16084,7133,0,0,0,0,0
